Store,Date,Sales,Customers,Open,Promo,StateHoliday,SchoolHoliday,Year,Month,Week,Day,DayOfWeek,IsWeekend,StoreType,Assortment,CompetitionDistance,CompetitionOpenSinceMonth,CompetitionOpenSinceYear,Promo2,Promo2SinceWeek,Promo2SinceYear,PromoInterval,State,avg_4w,std_4w,median_4w,avg_1w,dev_4w,lag_7,lag_14,lag_28,lag_365,CompetitionOpen,IsPromoMonth
575,2015-04-18,2655,254,1,0,0,0,2015,4,16,18,6,1,0,0,960.0,5.0,2008.0,1,13.0,2010.0,"Jan,Apr,Jul,Oct",5,5890.545454545455,2988.231037910345,4790.0,7209.0,-3235.545454545455,4572.0,11303.0,2362.0,6035.964285714285,83.0,1
296,2015-02-14,5678,571,1,0,0,0,2015,2,7,14,6,1,0,0,9580.0,5.0,2007.0,1,45.0,2014.0,"Feb,May,Aug,Nov",8,7075.041666666667,1447.676383461402,6585.5,5837.833333333333,-1397.041666666667,7376.0,7973.0,9553.0,6551.0,93.0,1
452,2014-10-31,6092,544,1,0,0,0,2014,10,44,31,5,0,0,2,1850.0,8.0,2013.0,1,5.0,2011.0,"Feb,May,Aug,Nov",0,4417.521739130435,1189.0673147687571,4291.0,3992.5,1674.478260869565,4305.0,3313.0,2501.0,5742.0,14.0,0
308,2014-03-24,7171,819,1,0,0,0,2014,3,13,24,1,0,0,0,1070.0,12.0,2006.0,1,13.0,2010.0,"Jan,Apr,Jul,Oct",8,8472.458333333334,2206.7792974725908,7583.5,9613.0,-1301.458333333334,6708.0,9626.0,9654.0,8459.285714285714,87.0,0
299,2015-03-11,4573,486,1,0,0,0,2015,3,11,11,3,0,3,2,38630.0,9.0,2012.0,0,0.0,0.0,none,8,5115.666666666667,885.6676021224188,4983.0,5316.5,-542.666666666667,4525.0,5039.0,4606.0,3938.0,30.0,0
870,2015-04-16,7110,897,1,1,0,0,2015,4,16,16,4,0,0,0,780.0,4.0,2009.0,0,0.0,0.0,none,2,7282.318181818182,1466.781847848374,6984.5,7074.5,-172.31818181818198,6994.0,5511.0,7037.0,8147.0,72.0,0
18,2015-04-23,5171,619,1,0,0,0,2015,4,17,23,4,0,3,2,13840.0,6.0,2010.0,1,14.0,2012.0,"Jan,Apr,Jul,Oct",9,7272.818181818182,2125.9060507925874,6773.0,6346.666666666667,-2101.818181818182,6847.0,6855.0,7591.0,5498.0,58.0,1
521,2013-10-29,3851,364,1,0,0,0,2013,10,44,29,2,0,3,0,18610.0,11.0,2002.0,1,48.0,2011.0,"Mar,Jun,Sept,Dec",8,4818.826086956522,1017.3574348269286,4758.0,4692.5,-967.826086956522,6574.0,4493.0,4914.0,4871.571428571428,131.0,0
1030,2015-02-13,3418,335,1,0,0,1,2015,2,7,13,5,0,0,0,36410.0,4.0,2008.0,0,0.0,0.0,none,1,3332.25,1129.1410452197724,3001.0,2728.333333333333,85.75,4244.0,4625.0,5465.0,3395.0,82.0,0
804,2013-09-10,5843,466,1,1,0,1,2013,9,37,10,2,0,2,2,2100.0,0.0,0.0,1,1.0,2013.0,"Jan,Apr,Jul,Oct",9,4139.478260869565,967.6468114858108,4203.0,3444.0,1703.521739130435,3628.0,4647.0,3893.0,4179.964285714285,0.0,0
1039,2013-02-01,5886,807,1,0,0,0,2013,2,5,1,5,0,0,2,70.0,6.0,1990.0,1,22.0,2012.0,"Mar,Jun,Sept,Dec",3,6696.625,1640.3957320136797,6775.0,6163.5,-810.625,6766.0,4410.0,6651.846153846154,6651.846153846154,272.0,0
905,2013-06-29,9689,1407,1,0,0,0,2013,6,26,29,6,1,0,0,90.0,6.0,2014.0,0,0.0,0.0,none,8,9638.458333333334,1945.6476730779448,9079.0,8342.5,50.54166666666606,9924.0,7797.0,15124.0,10178.857142857143,0.0,0
131,2013-10-26,4802,514,1,0,0,0,2013,10,43,26,6,1,2,0,920.0,7.0,2015.0,0,0.0,0.0,none,2,5565.782608695652,1169.751448211493,5361.0,5915.333333333333,-763.782608695652,4814.0,6431.0,6795.0,5625.571428571428,0.0,0
205,2013-07-31,8611,1066,1,1,0,1,2013,7,31,31,3,0,0,0,110.0,12.0,2007.0,0,0.0,0.0,none,10,6065.208333333333,1706.183179399758,5284.0,6237.0,2545.791666666667,4588.0,9787.0,5936.0,6349.535714285715,67.0,0
429,2013-08-22,4153,341,1,0,0,1,2013,8,34,22,4,0,3,2,16350.0,7.0,2005.0,1,31.0,2013.0,"Jan,Apr,Jul,Oct",13,5891.217391304348,1541.2092347044706,5484.0,5287.4,-1738.217391304348,7549.0,4782.0,6253.0,5710.357142857143,97.0,0
146,2014-04-08,5685,523,1,0,0,0,2014,4,15,8,2,0,3,2,8050.0,10.0,1961.0,1,48.0,2012.0,"Jan,Apr,Jul,Oct",2,7374.0,2058.805880158184,6683.5,7655.666666666667,-1689.0,14075.0,5854.0,7831.0,9569.0,630.0,1
956,2015-05-08,3433,467,1,1,0,0,2015,5,19,8,5,0,0,0,2330.0,10.0,2014.0,1,18.0,2011.0,"Feb,May,Aug,Nov",8,3507.4347826086955,1201.2330341659529,3307.0,3956.8,-74.43478260869551,4433.0,2821.0,4651.0,4972.0,7.0,1
28,2014-05-24,2361,291,1,0,0,0,2014,5,21,24,6,1,0,0,1200.0,10.0,2014.0,1,6.0,2015.0,"Mar,Jun,Sept,Dec",8,5899.130434782609,2148.5911727613475,6154.0,5905.666666666667,-3538.130434782609,4938.0,6335.0,4710.0,4409.0,0.0,0
342,2013-03-26,12084,872,1,1,0,1,2013,3,13,26,2,0,3,2,15770.0,0.0,0.0,1,40.0,2014.0,"Jan,Apr,Jul,Oct",3,11018.791666666666,1577.840212860238,10755.0,11850.166666666666,1065.208333333334,13154.0,10755.0,11233.0,10933.285714285714,0.0,0
23,2015-07-11,4219,393,1,0,0,0,2015,7,28,11,6,1,3,0,4060.0,8.0,2005.0,0,0.0,0.0,none,1,5570.583333333333,1826.4907887666104,4918.0,4541.166666666667,-1351.583333333333,6202.0,3562.0,4133.0,4893.0,119.0,0
159,2013-02-23,5735,603,1,0,0,0,2013,2,8,23,6,1,3,0,8530.0,3.0,2013.0,0,0.0,0.0,none,5,7662.041666666667,2070.099965642632,7483.5,9012.333333333334,-1927.041666666667,6687.0,7718.0,10770.0,7875.392857142857,0.0,0
300,2013-06-20,6143,767,1,1,0,0,2013,6,25,20,4,0,0,2,120.0,4.0,2009.0,1,1.0,2012.0,"Jan,Apr,Jul,Oct",8,6328.304347826087,1140.0013729968846,6098.0,6009.5,-185.304347826087,4969.0,6640.0,6600.0,6288.75,50.0,0
424,2014-10-20,8158,935,1,1,0,0,2014,10,43,20,1,0,3,2,1250.0,0.0,0.0,1,40.0,2011.0,"Jan,Apr,Jul,Oct",7,7103.304347826087,1680.9256496126447,7005.0,6087.666666666667,1054.695652173913,7074.0,9541.0,7685.0,7084.607142857143,0.0,1
790,2013-07-19,7789,697,1,1,0,1,2013,7,29,19,5,0,3,2,9070.0,12.0,2003.0,0,0.0,0.0,none,2,7452.208333333333,1331.6165063288818,7507.0,7715.0,336.79166666666697,6748.0,8064.0,8766.0,7440.142857142857,115.0,0
676,2014-02-15,4387,1066,1,0,0,0,2014,2,7,15,6,1,1,1,1410.0,9.0,2008.0,0,0.0,0.0,none,3,7242.892857142857,1549.4666546980493,7079.5,7053.714285714285,-2855.892857142857,4708.0,5036.0,4961.0,4063.0,65.0,0
811,2015-06-08,3764,659,1,0,0,0,2015,6,24,8,1,0,0,0,410.0,9.0,2012.0,0,0.0,0.0,none,10,4245.181818181818,594.0894302057992,4112.5,4575.333333333333,-481.181818181818,4250.0,3522.0,5343.0,4259.357142857143,33.0,0
553,2015-05-23,10923,941,1,0,0,0,2015,5,21,23,6,1,2,0,3040.0,9.0,2002.0,1,13.0,2010.0,"Jan,Apr,Jul,Oct",2,8133.0,2229.557034800539,7212.0,7885.5,2790.0,11613.0,6966.0,10139.0,9167.0,152.0,0
279,2013-12-19,12776,867,1,1,0,0,2013,12,51,19,4,0,3,2,2320.0,0.0,0.0,1,40.0,2012.0,"Jan,Apr,Jul,Oct",8,9746.5,3247.780138200085,9041.5,12028.666666666666,3029.5,6902.0,11377.0,8309.0,9688.57142857143,0.0,0
392,2014-07-09,5540,535,1,0,0,1,2014,7,28,9,3,0,0,0,2120.0,0.0,0.0,0,0.0,0.0,none,5,7509.173913043478,2483.50715452186,7018.0,6835.666666666667,-1969.173913043478,10722.0,6493.0,9349.0,5228.0,0.0,0
484,2013-11-01,7894,803,1,0,0,0,2013,11,44,1,5,0,0,2,14300.0,3.0,2011.0,0,0.0,0.0,none,4,7105.541666666667,1500.194218706558,6883.5,6761.0,788.458333333333,6347.0,6063.0,8100.0,7041.285714285715,32.0,0
79,2013-10-25,5724,614,1,1,0,0,2013,10,43,25,5,0,0,0,3320.0,0.0,0.0,0,0.0,0.0,none,14,5123.217391304348,1267.0358736588084,4953.0,5442.5,600.782608695652,4226.0,5094.0,3621.0,5205.571428571428,0.0,0
53,2014-04-26,2955,347,1,0,0,0,2014,4,17,26,6,1,0,2,30360.0,9.0,2013.0,0,0.0,0.0,none,6,5455.909090909091,1497.6289167528694,5075.0,4608.6,-2500.909090909091,7210.0,4318.0,3120.0,6204.0,7.0,0
606,2014-04-23,5029,583,1,0,0,1,2014,4,17,23,3,0,0,0,2260.0,11.0,2007.0,0,0.0,0.0,none,13,6036.909090909091,1613.0655791909276,5454.0,6533.5,-1007.909090909091,4076.0,6518.0,5723.0,7102.0,77.0,0
523,2013-08-13,19541,2177,1,1,0,0,2013,8,33,13,2,0,2,2,50.0,11.0,2013.0,0,0.0,0.0,none,8,17680.708333333332,2381.739818579225,17154.5,17861.166666666668,1860.291666666668,20111.0,16471.0,16118.0,17703.785714285714,0.0,0
983,2013-10-23,10499,1719,1,1,0,1,2013,10,43,23,3,0,0,0,40.0,3.0,2014.0,1,1.0,2014.0,"Jan,Apr,Jul,Oct",9,11344.478260869566,2461.876702280844,10963.0,10371.833333333334,-845.4782608695659,8068.0,17318.0,9142.0,11335.035714285714,0.0,1
1068,2014-07-10,3395,250,1,0,0,0,2014,7,28,10,4,0,3,2,5010.0,0.0,0.0,1,5.0,2013.0,"Jan,Apr,Jul,Oct",5,4498.391304347826,1241.2467976386572,4373.0,4201.833333333333,-1103.391304347826,5201.0,3061.0,4352.0,3292.0,0.0,1
951,2014-05-17,6572,657,1,0,0,0,2014,5,20,17,6,1,3,2,710.0,0.0,0.0,1,40.0,2011.0,"Jan,Apr,Jul,Oct",8,7909.136363636364,1875.8323687786124,7649.0,6585.333333333333,-1337.136363636364,9416.0,11493.0,7189.0,8401.0,0.0,0
977,2013-08-22,3032,402,1,0,0,1,2013,8,34,22,4,0,0,0,520.0,9.0,2005.0,1,13.0,2010.0,"Jan,Apr,Jul,Oct",2,5039.0,2207.484679153097,3914.5,3958.6666666666665,-2007.0,6077.0,3532.0,3871.0,4872.642857142857,95.0,0
1078,2015-05-02,8163,619,1,0,0,0,2015,5,18,2,6,1,3,2,670.0,0.0,0.0,1,40.0,2011.0,"Jan,Apr,Jul,Oct",4,7219.090909090909,1936.238496454276,6708.0,8765.4,943.909090909091,4370.0,8055.0,6288.0,10713.0,0.0,0
535,2013-12-30,9531,1117,1,0,0,1,2013,12,1,30,1,0,0,0,3570.0,4.0,2007.0,0,0.0,0.0,none,3,9722.318181818182,3150.2256969237046,8937.0,7657.75,-191.318181818182,11870.0,7730.0,7190.0,9247.607142857143,80.0,0
855,2013-06-28,5937,654,1,0,0,0,2013,6,26,28,5,0,0,0,3440.0,0.0,0.0,1,45.0,2009.0,"Feb,May,Aug,Nov",3,5371.291666666667,1474.7028139570202,4990.0,4674.166666666667,565.708333333333,5877.0,4163.0,3465.0,5473.285714285715,0.0,0
133,2014-08-05,7517,867,1,1,0,1,2014,8,32,5,2,0,0,0,270.0,8.0,2013.0,1,10.0,2014.0,"Mar,Jun,Sept,Dec",2,6031.166666666667,1884.6142418489017,5719.0,7018.833333333333,1485.833333333333,8371.0,3389.0,7420.0,7544.0,12.0,0
473,2014-04-17,5035,721,1,1,0,1,2014,4,16,17,4,0,0,0,50.0,0.0,0.0,0,0.0,0.0,none,4,3536.583333333333,1197.9739387695436,3259.0,4199.333333333333,1498.4166666666663,3008.0,5274.0,1998.0,2728.0,0.0,0
250,2015-06-11,7238,574,1,0,0,0,2015,6,24,11,4,0,3,0,3520.0,0.0,0.0,1,18.0,2012.0,"Feb,May,Aug,Nov",12,9525.666666666666,2113.055922907232,9232.0,8514.4,-2287.666666666666,11906.0,9242.0,9969.0,7283.0,0.0,0
946,2014-04-02,4885,578,1,1,0,0,2014,4,14,2,3,0,0,0,2220.0,12.0,2011.0,1,14.0,2015.0,"Jan,Apr,Jul,Oct",0,3992.2916666666665,1225.7101040041937,3687.5,4352.166666666667,892.7083333333335,2940.0,5865.0,4028.0,4476.0,28.0,1
863,2013-08-11,2943,392,1,0,0,0,2013,8,32,11,7,1,0,2,21370.0,11.0,2010.0,0,0.0,0.0,none,2,8661.392857142857,3188.358817802382,8777.5,8510.142857142857,-5718.392857142857,2854.0,2565.0,3503.0,8661.392857142857,33.0,0
738,2013-12-16,16515,1100,1,1,0,0,2013,12,51,16,1,0,3,2,5980.0,10.0,2005.0,0,0.0,0.0,none,4,9330.75,1339.7508610055888,9134.5,8482.666666666666,7184.25,8912.0,9536.0,6144.0,9060.607142857143,98.0,0
833,2015-02-20,6661,568,1,1,0,0,2015,2,8,20,5,0,3,2,3290.0,12.0,1999.0,1,35.0,2010.0,"Mar,Jun,Sept,Dec",8,5284.166666666667,965.0946187749704,5404.5,5212.333333333333,1376.833333333333,3979.0,5537.0,4155.0,6222.0,182.0,0
276,2014-12-27,2243,308,1,0,0,0,2014,12,52,27,6,1,0,0,2960.0,10.0,2014.0,1,36.0,2013.0,"Mar,Jun,Sept,Dec",8,5085.045454545455,1500.8613868700209,5348.0,5096.75,-2842.045454545455,6426.0,4944.0,2537.0,4770.0,2.0,1
199,2014-04-09,6523,511,1,0,0,0,2014,4,15,9,3,0,3,2,6360.0,12.0,2010.0,1,14.0,2012.0,"Mar,Jun,Sept,Dec",6,7584.0,1724.6662437045356,7125.0,7719.833333333333,-1061.0,9709.0,6768.0,9817.0,7949.0,40.0,0
415,2014-10-27,5067,476,1,0,0,1,2014,10,44,27,1,0,3,2,6910.0,4.0,2005.0,0,0.0,0.0,none,6,6199.478260869565,1025.490519860672,6203.0,6126.833333333333,-1132.478260869565,5533.0,6864.0,4073.0,5926.178571428572,114.0,0
387,2014-10-23,8667,1140,1,1,0,0,2014,10,43,23,4,0,2,0,210.0,0.0,0.0,1,36.0,2013.0,"Mar,Jun,Sept,Dec",5,8859.652173913044,2784.89254907284,7769.0,8190.666666666667,-192.65217391304395,6877.0,10028.0,8974.0,8693.0,0.0,0
462,2015-02-07,1828,254,1,0,0,0,2015,2,6,7,6,1,0,0,44320.0,8.0,2008.0,0,0.0,0.0,none,4,4556.666666666667,1381.143057372239,4660.5,4803.666666666667,-2728.666666666667,5639.0,3756.0,8139.0,4605.0,78.0,0
133,2014-06-04,7262,828,1,1,0,0,2014,6,23,4,3,0,0,0,270.0,8.0,2013.0,1,10.0,2014.0,"Mar,Jun,Sept,Dec",2,6238.826086956522,1939.88653961031,6168.0,7587.6,1023.173913043478,6168.0,2983.0,8277.0,9613.0,10.0,1
835,2014-10-08,5625,651,1,1,0,1,2014,10,41,8,3,0,0,0,2890.0,12.0,2007.0,1,10.0,2014.0,"Mar,Jun,Sept,Dec",8,5823.523809523809,2461.315331668164,5289.0,6055.0,-198.5238095238092,7440.0,3880.0,6880.0,5311.0,82.0,0
15,2014-10-20,8064,760,1,1,0,1,2014,10,43,20,1,0,3,2,4110.0,3.0,2010.0,1,14.0,2011.0,"Jan,Apr,Jul,Oct",8,6223.304347826087,1724.232251672468,5372.0,4829.0,1840.695652173913,5372.0,7712.0,6226.0,6191.285714285715,55.0,1
527,2015-03-12,8101,817,1,0,0,0,2015,3,11,12,4,0,3,2,5830.0,4.0,2008.0,0,0.0,0.0,none,8,10308.5,1711.3673404366004,10632.0,9987.5,-2207.5,10922.0,7717.0,10763.0,8103.0,83.0,0
413,2013-09-12,6647,856,1,1,0,0,2013,9,37,12,4,0,0,2,760.0,9.0,2014.0,0,0.0,0.0,none,6,6182.391304347826,1686.0932719571383,5535.0,6536.833333333333,464.608695652174,4894.0,7058.0,5194.0,6318.214285714285,0.0,0
174,2015-05-22,7509,562,1,1,0,0,2015,5,21,22,5,0,0,0,13090.0,0.0,0.0,1,22.0,2012.0,"Jan,Apr,Jul,Oct",9,6647.863636363636,819.3861985805243,6782.0,7017.333333333333,861.136363636364,6697.0,5353.0,6668.0,5890.0,0.0,0
169,2014-11-22,5801,554,1,0,0,0,2014,11,47,22,6,1,3,0,980.0,7.0,2014.0,1,18.0,2014.0,"Feb,May,Aug,Nov",9,5987.521739130435,1476.8568241543874,5418.0,4963.5,-186.52173913043487,6732.0,6546.0,8265.0,8234.0,4.0,1
1004,2014-04-22,3189,321,1,0,0,1,2014,4,17,22,2,0,3,2,970.0,0.0,0.0,1,9.0,2011.0,"Mar,Jun,Sept,Dec",8,4869.272727272727,1386.2094317759452,4622.5,6164.75,-1680.272727272727,3542.0,5432.0,5023.0,6226.0,0.0,0
287,2013-12-13,8005,828,1,0,0,0,2013,12,50,13,5,0,2,0,2740.0,5.0,2009.0,1,40.0,2014.0,"Jan,Apr,Jul,Oct",8,8452.833333333334,1303.2522751768452,8293.0,8057.333333333333,-447.83333333333394,8529.0,6438.0,6886.0,8206.07142857143,55.0,0
638,2013-03-26,5954,478,1,1,0,1,2013,3,13,26,2,0,3,0,10170.0,11.0,2001.0,0,0.0,0.0,none,1,5593.25,988.492979016653,5715.0,6126.5,360.75,7390.0,5805.0,6437.0,5654.892857142857,136.0,0
655,2013-03-13,4896,479,1,0,0,0,2013,3,11,13,3,0,3,2,960.0,11.0,2012.0,1,5.0,2013.0,"Feb,May,Aug,Nov",8,6340.166666666667,1529.3549270047235,6375.5,6244.166666666667,-1444.166666666667,6377.0,4747.0,7373.0,6152.428571428572,4.0,0
1032,2015-04-21,7502,890,1,0,0,0,2015,4,17,21,2,0,3,2,270.0,2.0,2013.0,1,40.0,2012.0,"Jan,Apr,Jul,Oct",8,9873.363636363636,3417.285229193247,9079.0,9072.166666666666,-2371.363636363636,13411.0,15384.0,11392.0,9688.5,26.0,1
519,2013-04-11,5317,577,1,1,0,0,2013,4,15,11,4,0,2,2,2510.0,8.0,2009.0,1,1.0,2012.0,"Jan,Apr,Jul,Oct",8,5985.818181818182,1615.4804868716933,5585.0,5195.0,-668.818181818182,3694.0,6499.0,5061.0,5694.178571428572,44.0,1
319,2014-11-10,9625,997,1,1,0,0,2014,11,46,10,1,0,0,2,570.0,9.0,2012.0,1,27.0,2012.0,"Mar,Jun,Sept,Dec",3,7303.833333333333,1500.613227307761,6902.5,8663.5,2321.166666666667,6130.0,9129.0,8827.0,7382.714285714285,26.0,0
857,2014-08-14,6746,827,1,0,0,1,2014,8,33,14,4,0,2,0,6270.0,8.0,2005.0,1,23.0,2014.0,"Mar,Jun,Sept,Dec",3,7876.75,1203.8404939121333,7992.0,7428.833333333333,-1130.75,8373.0,8784.0,9689.0,7278.0,108.0,0
886,2015-03-06,7247,719,1,1,0,0,2015,3,10,6,5,0,0,2,12430.0,10.0,2004.0,0,0.0,0.0,none,13,6247.333333333333,2032.079180814924,6354.5,7573.666666666667,999.666666666667,6103.0,8378.0,9438.0,7983.0,125.0,0
556,2013-04-08,10177,1111,1,1,0,0,2013,4,15,8,1,0,3,2,1140.0,11.0,2014.0,0,0.0,0.0,none,2,6720.590909090909,1583.7999711089935,5990.0,5911.0,3456.409090909091,10483.0,6763.0,11647.0,6899.535714285715,0.0,0
368,2014-06-14,8025,663,1,0,0,0,2014,6,24,14,6,1,3,2,1450.0,4.0,2005.0,1,45.0,2009.0,"Feb,May,Aug,Nov",2,9929.227272727272,2790.198558079065,9719.0,7960.8,-1904.227272727272,11055.0,6834.0,9714.0,6477.0,110.0,0
763,2013-05-28,5675,518,1,1,0,0,2013,5,22,28,2,0,3,2,32240.0,3.0,2010.0,0,0.0,0.0,none,8,5957.0,846.1762227810472,5908.0,5385.833333333333,-282.0,6032.0,6959.0,6281.0,5998.357142857143,38.0,0
575,2013-07-01,6537,643,1,1,0,0,2013,7,27,1,1,0,0,0,960.0,5.0,2008.0,1,13.0,2010.0,"Jan,Apr,Jul,Oct",5,4769.416666666667,1849.3709369185085,4132.5,3947.3333333333335,1767.583333333333,3096.0,3970.0,7107.0,4958.285714285715,62.0,1
568,2015-01-17,5697,531,1,0,0,0,2015,1,3,17,6,1,3,2,4270.0,0.0,0.0,1,1.0,2013.0,"Jan,Apr,Jul,Oct",2,5686.9047619047615,1330.5778408181125,5511.0,5134.5,10.095238095238528,5603.0,4166.0,5464.0,4163.0,0.0,1
463,2013-06-28,5434,922,1,0,0,0,2013,6,26,28,5,0,0,0,4160.0,0.0,0.0,0,0.0,0.0,none,4,6163.5,1729.7781712517738,5940.0,5220.666666666667,-729.5,5458.0,5505.0,3648.0,6293.071428571428,0.0,0
1037,2015-06-16,8177,888,1,1,0,0,2015,6,25,16,2,0,0,2,150.0,0.0,0.0,0,0.0,0.0,none,8,6695.818181818182,1490.9529913819626,6024.0,6199.333333333333,1481.181818181818,5343.0,7372.0,5634.0,9295.0,0.0,0
852,2013-01-04,4548,602,1,0,0,1,2013,1,1,4,5,0,2,0,940.0,4.0,2004.0,1,14.0,2011.0,"Jan,Apr,Jul,Oct",3,4489.5,136.47160876900367,4489.5,4489.5,58.5,4489.5,4489.5,4489.5,4489.5,105.0,1
221,2014-02-17,7704,668,1,1,0,0,2014,2,8,17,1,0,3,2,13530.0,9.0,2013.0,0,0.0,0.0,none,7,5287.958333333333,1081.322599137647,5176.5,4729.166666666667,2416.041666666667,4817.0,6367.0,4134.0,5149.892857142857,5.0,0
946,2013-09-28,2681,362,1,0,0,0,2013,9,39,28,6,1,0,0,2220.0,12.0,2011.0,1,14.0,2015.0,"Jan,Apr,Jul,Oct",0,3888.8333333333335,1019.9867717243952,3615.0,4422.666666666667,-1207.8333333333337,3349.0,4443.0,5056.0,3995.857142857143,21.0,0
133,2015-06-26,4817,592,1,0,0,0,2015,6,26,26,5,0,0,0,270.0,8.0,2013.0,1,10.0,2014.0,"Mar,Jun,Sept,Dec",2,5972.041666666667,1628.9274006073065,5438.5,4886.833333333333,-1155.041666666667,6290.0,5391.0,3152.0,4880.0,22.0,1
308,2013-11-29,8468,891,1,0,0,0,2013,11,48,29,5,0,0,0,1070.0,12.0,2006.0,1,13.0,2010.0,"Jan,Apr,Jul,Oct",8,8753.869565217392,1859.9061145500627,7892.0,7794.166666666667,-285.86956521739194,9155.0,6981.0,5756.0,8366.107142857143,83.0,0
353,2015-01-17,4765,1258,1,0,0,0,2015,1,3,17,6,1,1,1,900.0,0.0,0.0,1,14.0,2013.0,"Feb,May,Aug,Nov",2,6161.5,1273.8866889548287,5999.0,5940.714285714285,-1396.5,3894.0,4409.0,6012.0,5287.0,0.0,0
867,2014-10-30,4423,425,1,0,0,0,2014,10,44,30,4,0,3,2,21810.0,9.0,2012.0,0,0.0,0.0,none,2,3935.071428571429,1288.838090816152,4018.0,3737.142857142857,487.9285714285716,4481.0,3763.0,5429.0,4522.0,25.0,0
1064,2013-02-25,7091,892,1,0,0,0,2013,2,9,25,1,0,0,2,420.0,0.0,0.0,0,0.0,0.0,none,3,8749.25,2096.172044258399,8606.5,9340.333333333334,-1658.25,8421.0,9005.0,8659.0,8699.92857142857,0.0,0
559,2013-05-29,6438,849,1,1,0,0,2013,5,22,29,3,0,3,0,3910.0,11.0,2006.0,1,5.0,2013.0,"Feb,May,Aug,Nov",2,5590.523809523809,2124.8825995580937,5896.0,5412.666666666667,847.4761904761908,6243.0,1941.0,7708.0,5900.178571428572,78.0,1
306,2014-05-30,5730,577,1,0,0,0,2014,5,22,30,5,0,0,0,5100.0,4.0,2007.0,1,40.0,2014.0,"Jan,Apr,Jul,Oct",8,4193.478260869565,986.7952661181556,4226.0,4041.0,1536.521739130435,4428.0,3047.0,3964.0,4262.178571428572,85.0,0
959,2014-12-13,5396,548,1,0,0,0,2014,12,50,13,6,1,0,2,1060.0,12.0,2005.0,0,0.0,0.0,none,8,7380.333333333333,1902.471931271356,7316.5,6468.166666666667,-1984.333333333333,10139.0,8074.0,7262.0,6569.0,108.0,0
533,2014-09-23,8160,907,1,0,0,0,2014,9,39,23,2,0,0,2,5950.0,0.0,0.0,0,0.0,0.0,none,3,8842.375,2005.2288780238707,8063.5,9207.666666666666,-682.375,13430.0,6833.0,9125.0,11324.0,0.0,0
299,2013-02-18,5841,622,1,1,0,0,2013,2,8,18,1,0,3,2,38630.0,9.0,2012.0,0,0.0,0.0,none,8,4224.291666666667,631.89229125985,4058.5,4080.0,1616.708333333333,4989.0,4885.0,3144.0,4123.071428571428,5.0,0
285,2015-02-26,4322,416,1,0,0,0,2015,2,9,26,4,0,0,0,2410.0,0.0,0.0,0,0.0,0.0,none,8,5355.791666666667,1132.919582669971,5251.5,4880.333333333333,-1033.791666666667,5984.0,3971.0,6304.0,3876.0,0.0,0
771,2014-06-25,5721,592,1,0,0,0,2014,6,26,25,3,0,0,0,20640.0,9.0,2007.0,0,0.0,0.0,none,3,7628.285714285715,1585.3692990233264,7450.0,7037.0,-1907.285714285715,9238.0,8906.0,7378.0,5349.0,81.0,0
770,2013-01-15,4595,589,1,0,0,0,2013,1,3,15,2,0,0,2,100.0,4.0,2015.0,0,0.0,0.0,none,3,6635.272727272727,1877.53418562268,6299.0,6691.333333333333,-2040.272727272727,10913.0,6635.272727272727,6635.272727272727,6635.272727272727,0.0,0
936,2013-02-25,6234,834,1,0,0,0,2013,2,9,25,1,0,0,0,580.0,2.0,2008.0,0,0.0,0.0,none,9,7984.291666666667,1569.8839746428969,7908.0,8703.666666666666,-1750.291666666667,8657.0,9030.0,8050.0,7982.321428571428,60.0,0
795,2014-04-10,2498,310,1,0,0,0,2014,4,15,10,4,0,3,0,510.0,0.0,0.0,1,35.0,2010.0,"Mar,Jun,Sept,Dec",5,4221.208333333333,1515.896519904301,3849.0,3886.0,-1723.208333333333,5654.0,2528.0,4181.0,5218.0,0.0,0
678,2013-06-27,6187,709,1,0,0,0,2013,6,26,27,4,0,2,0,3250.0,0.0,0.0,1,40.0,2011.0,"Jan,Apr,Jul,Oct",3,6455.521739130435,1766.6976092947396,6015.0,5394.833333333333,-268.521739130435,6119.0,5102.0,4973.0,6502.571428571428,0.0,0
894,2015-07-08,6493,886,1,0,0,1,2015,7,28,8,3,0,0,0,190.0,11.0,2012.0,0,0.0,0.0,none,4,8633.833333333334,2719.1848789291803,7606.5,8391.166666666666,-2140.833333333334,13239.0,5841.0,12329.0,5777.0,32.0,0
304,2013-12-20,11327,1508,1,1,0,0,2013,12,51,20,5,0,0,0,1950.0,7.0,2015.0,0,0.0,0.0,none,8,8423.208333333334,2490.8663060690646,7529.5,10645.166666666666,2903.791666666666,6907.0,9949.0,9771.0,8405.82142857143,0.0,0
14,2014-07-01,7293,757,1,1,0,0,2014,7,27,1,2,0,0,0,1300.0,3.0,2014.0,1,40.0,2011.0,"Jan,Apr,Jul,Oct",3,5979.409090909091,2059.19488795502,5470.5,5960.0,1313.590909090909,5243.0,5548.0,4505.0,6843.0,4.0,1
683,2013-06-15,7061,602,1,0,0,0,2013,6,24,15,6,1,0,0,2850.0,7.0,2014.0,0,0.0,0.0,none,2,9369.304347826086,1856.2226412990296,9013.0,8179.5,-2308.304347826086,10548.0,10731.0,13030.0,9628.392857142857,0.0,0
422,2014-05-26,4462,475,1,0,0,0,2014,5,22,26,1,0,0,2,2880.0,0.0,0.0,0,0.0,0.0,none,7,4634.695652173913,888.6631652903556,4405.0,4800.333333333333,-172.695652173913,3748.0,4709.0,4394.0,4493.392857142857,0.0,0
634,2013-11-08,7532,718,1,1,0,0,2013,11,45,8,5,0,3,0,18610.0,0.0,0.0,0,0.0,0.0,none,1,6526.652173913043,2251.315183472978,6559.0,7790.0,1005.347826086957,6175.0,7328.0,3309.0,6736.964285714285,0.0,0
1013,2013-07-30,5451,544,1,1,0,1,2013,7,31,30,2,0,0,0,630.0,2.0,2015.0,1,31.0,2013.0,"Feb,May,Aug,Nov",2,3935.2916666666665,1400.393189481057,3666.5,3567.1666666666665,1515.7083333333337,3703.0,2163.0,3231.0,3982.928571428572,0.0,0
375,2015-07-13,15094,1077,1,1,0,1,2015,7,29,13,1,0,0,2,15710.0,2.0,2013.0,1,37.0,2009.0,"Jan,Apr,Jul,Oct",2,9206.375,3727.507837597104,8536.5,7869.166666666667,5887.625,4757.0,7280.0,8095.0,8866.214285714286,29.0,1
583,2014-06-25,3641,408,1,0,0,0,2014,6,26,25,3,0,0,0,2640.0,11.0,2002.0,0,0.0,0.0,none,9,4502.818181818182,1292.9807436552192,4575.5,3850.3333333333335,-861.818181818182,5502.0,2760.0,4231.0,3223.0,139.0,0
570,2014-09-17,4150,653,1,1,0,0,2014,9,38,17,3,0,0,0,180.0,11.0,2006.0,0,0.0,0.0,none,2,3938.875,1145.6456433895216,3665.5,3905.3333333333335,211.125,3870.0,7154.0,3234.0,3146.0,94.0,0
123,2013-12-21,8006,842,1,0,0,0,2013,12,51,21,6,1,0,0,16760.0,9.0,2011.0,0,0.0,0.0,none,2,10887.916666666666,4493.555655328664,9417.5,15383.166666666666,-2881.916666666666,9303.0,13834.0,11457.0,10660.607142857143,27.0,0
258,2013-02-22,6790,598,1,1,0,0,2013,2,8,22,5,0,0,0,27190.0,7.0,2010.0,1,37.0,2009.0,"Jan,Apr,Jul,Oct",0,5052.291666666667,1221.5151489269265,5053.5,5645.5,1737.708333333333,5611.0,5421.0,6997.0,5157.571428571428,31.0,0
365,2014-04-01,6606,675,1,1,0,0,2014,4,14,1,2,0,2,0,2410.0,0.0,0.0,1,45.0,2009.0,"Feb,May,Aug,Nov",2,4895.333333333333,1184.868500011221,4888.0,4685.166666666667,1710.666666666667,3910.0,5022.0,4217.0,5011.714285714285,0.0,0
90,2015-02-07,7884,1034,1,0,0,0,2015,2,6,7,6,1,0,0,330.0,11.0,2007.0,0,0.0,0.0,none,3,8471.333333333334,1777.8364150957702,8632.0,9943.666666666666,-587.3333333333339,11062.0,6739.0,9757.0,7186.0,87.0,0
620,2013-10-31,8354,795,1,0,0,1,2013,10,44,31,4,0,3,2,5440.0,0.0,0.0,1,40.0,2014.0,"Jan,Apr,Jul,Oct",0,7302.652173913043,1033.717062075923,7124.0,6701.5,1051.347826086957,6670.0,6743.0,8046.0,7338.392857142857,0.0,1
393,2013-12-04,7372,651,1,1,0,0,2013,12,49,4,3,0,3,2,4820.0,3.0,2008.0,0,0.0,0.0,none,5,5874.75,1485.8392519410354,5491.5,6913.166666666667,1497.25,4654.0,8105.0,5893.0,6068.785714285715,69.0,0
838,2014-10-11,7086,743,1,0,0,0,2014,10,41,11,6,1,3,2,6890.0,0.0,0.0,1,48.0,2011.0,"Mar,Jun,Sept,Dec",8,8376.04347826087,1907.9202498642069,8320.0,9012.333333333334,-1290.04347826087,9758.0,5392.0,7745.0,8725.0,0.0,0
126,2014-11-18,3987,447,1,0,0,0,2014,11,47,18,2,0,3,0,3370.0,10.0,2014.0,1,18.0,2011.0,"Feb,May,Aug,Nov",2,5604.608695652174,1379.5780230705072,5515.0,5258.666666666667,-1617.608695652174,6508.0,6970.0,4135.0,7634.0,1.0,1
416,2015-07-22,9034,1134,1,0,0,1,2015,7,30,22,3,0,0,2,4650.0,6.0,2014.0,0,0.0,0.0,none,10,11652.041666666666,2351.140860521652,10725.0,11382.0,-2618.041666666666,13684.0,11701.0,11038.0,8616.0,13.0,0
34,2014-01-11,7086,1020,1,0,0,0,2014,1,2,11,6,1,2,0,2240.0,9.0,2009.0,0,0.0,0.0,none,8,9313.238095238095,2611.5907011773857,8657.0,8844.666666666666,-2227.2380952380954,7387.0,12372.0,8117.0,8123.0,52.0,0
439,2014-05-07,7921,938,1,1,0,0,2014,5,19,7,3,0,0,0,1350.0,9.0,2009.0,0,0.0,0.0,none,14,8112.428571428572,2442.44317377966,7102.0,9498.8,-191.4285714285716,11664.0,10393.0,9902.0,6137.0,56.0,0
552,2014-09-01,15203,1063,1,1,0,1,2014,9,36,1,1,0,0,0,4260.0,7.0,2008.0,1,37.0,2009.0,"Jan,Apr,Jul,Oct",2,7145.791666666667,3125.976605369727,5759.5,5030.5,8057.208333333333,3601.0,5471.0,10768.0,7370.857142857143,74.0,0
1042,2014-09-15,5406,673,1,1,0,0,2014,9,38,15,1,0,0,0,3440.0,0.0,0.0,1,31.0,2013.0,"Feb,May,Aug,Nov",2,3800.625,882.5665543323558,3684.0,3397.5,1605.375,2813.0,4565.0,2819.0,3708.785714285714,0.0,0
432,2013-10-01,9753,1469,1,0,0,1,2013,10,40,1,2,0,0,0,810.0,5.0,2013.0,0,0.0,0.0,none,13,10062.166666666666,1936.0033611780616,10025.5,10437.166666666666,-309.16666666666606,11952.0,7351.0,11866.0,10106.714285714286,5.0,0
796,2015-03-13,6652,658,1,0,0,0,2015,3,11,13,5,0,0,2,7180.0,11.0,2012.0,0,0.0,0.0,none,5,7371.541666666667,1639.2474938258993,7326.5,6661.333333333333,-719.541666666667,8724.0,6268.0,6433.0,5942.0,28.0,0
507,2014-06-18,10508,786,1,1,0,0,2014,6,25,18,3,0,0,2,9070.0,4.0,2011.0,1,37.0,2009.0,"Jan,Apr,Jul,Oct",8,8778.90909090909,1704.026461595647,8538.0,9039.666666666666,1729.09090909091,8103.0,7612.0,5398.0,8609.0,38.0,0
317,2014-06-20,7314,727,1,1,0,1,2014,6,25,20,5,0,3,0,3140.0,7.0,2013.0,1,14.0,2011.0,"Jan,Apr,Jul,Oct",3,5646.047619047619,860.2201157953978,5801.0,5702.2,1667.9523809523807,4395.0,6617.0,4060.0,4580.0,11.0,0
241,2014-05-14,5309,625,1,0,0,0,2014,5,20,14,3,0,3,2,780.0,0.0,0.0,0,0.0,0.0,none,14,7164.142857142857,1700.7081550258497,7164.0,6640.0,-1855.1428571428569,7164.0,6181.0,4870.0,6918.0,0.0,0
66,2014-08-07,6610,551,1,1,0,1,2014,8,32,7,4,0,3,0,7660.0,0.0,0.0,1,37.0,2009.0,"Jan,Apr,Jul,Oct",0,6355.5,915.1540141228784,6391.5,7047.833333333333,254.5,6856.0,4693.0,6177.0,5028.0,0.0,0
36,2014-02-18,9085,1148,1,1,0,0,2014,2,8,18,2,0,0,2,540.0,6.0,2003.0,1,40.0,2014.0,"Jan,Apr,Jul,Oct",8,8952.916666666666,1059.7389718255138,8697.0,8537.333333333334,132.08333333333394,8515.0,10463.0,7135.0,11316.0,128.0,0
804,2013-12-17,6856,528,1,1,0,0,2013,12,51,17,2,0,2,2,2100.0,0.0,0.0,1,1.0,2013.0,"Jan,Apr,Jul,Oct",9,5356.083333333333,1062.4011735795418,4878.5,5442.333333333333,1499.916666666667,4481.0,6991.0,3808.0,5277.321428571428,0.0,0
788,2014-09-25,13910,1461,1,0,0,0,2014,9,39,25,4,0,0,2,1530.0,3.0,2013.0,0,0.0,0.0,none,2,17384.375,2999.900676797846,16754.5,16109.166666666666,-3474.375,17044.0,15658.0,15140.0,19438.0,18.0,0
449,2013-11-29,12964,1681,1,0,0,0,2013,11,48,29,5,0,0,2,120.0,12.0,2014.0,1,37.0,2009.0,"Jan,Apr,Jul,Oct",12,11297.916666666666,1992.8929576321225,11251.5,11253.5,1666.083333333334,12324.0,9888.0,8084.0,11032.75,0.0,0
272,2013-05-13,7805,835,1,1,0,0,2013,5,20,13,1,0,0,0,16180.0,7.0,2003.0,1,14.0,2011.0,"Jan,Apr,Jul,Oct",8,6055.772727272727,1831.1149851237053,5961.5,5616.0,1749.227272727273,7439.0,6792.0,8081.0,6198.214285714285,118.0,0
806,2015-06-29,10784,689,1,1,0,0,2015,6,27,29,1,0,3,0,260.0,0.0,0.0,1,44.0,2010.0,"Feb,May,Aug,Nov",11,6863.260869565217,2134.21682926274,5720.0,5105.5,3920.739130434783,5335.0,5720.0,5721.0,6709.5,0.0,0
367,2013-09-07,3773,446,1,0,0,0,2013,9,36,7,6,1,3,2,2640.0,9.0,2012.0,0,0.0,0.0,none,2,4978.291666666667,1525.1835949119063,4419.0,4000.1666666666665,-1205.291666666667,6902.0,3390.0,5117.0,4941.464285714285,12.0,0
2,2015-01-30,5919,624,1,1,0,0,2015,1,5,30,5,0,0,0,570.0,11.0,2007.0,1,13.0,2010.0,"Jan,Apr,Jul,Oct",14,4938.0,1421.6999622313758,5010.5,4629.5,981.0,3728.0,6366.0,3934.0,4214.0,86.0,1
465,2014-03-13,5016,452,1,0,0,0,2014,3,11,13,4,0,3,2,10890.0,4.0,2005.0,0,0.0,0.0,none,4,7337.083333333333,1791.167020995376,7396.0,6343.833333333333,-2321.083333333333,8287.0,5047.0,7675.0,4845.0,107.0,0
403,2015-05-23,5213,543,1,0,0,0,2015,5,21,23,6,1,0,0,4970.0,7.0,2015.0,0,0.0,0.0,none,9,8235.09090909091,1599.8630866745743,8395.0,7989.333333333333,-3022.09090909091,8844.0,7901.0,4941.0,8351.0,0.0,0
210,2014-12-11,2759,291,1,0,0,0,2014,12,50,11,4,0,3,0,970.0,11.0,1999.0,1,5.0,2013.0,"Feb,May,Aug,Nov",10,3512.333333333333,747.5590229230219,3336.0,3486.0,-753.3333333333335,3765.0,3375.0,3097.0,3135.0,181.0,0
1006,2014-10-06,8999,1148,1,1,0,0,2014,10,41,6,1,0,2,2,3890.0,11.0,2006.0,1,5.0,2013.0,"Feb,May,Aug,Nov",3,6016.869565217391,1305.3723364461546,5787.0,7788.4,2982.130434782609,4721.0,5847.0,8353.0,6140.571428571428,95.0,0
324,2013-12-12,6291,778,1,0,0,0,2013,12,50,12,4,0,0,0,13140.0,0.0,0.0,1,14.0,2011.0,"Jan,Apr,Jul,Oct",3,6195.708333333333,2538.753399658061,5686.5,5878.333333333333,95.29166666666696,8351.0,5918.0,2353.0,5960.321428571428,0.0,0
295,2015-06-06,5976,763,1,0,0,0,2015,6,23,6,6,1,0,0,210.0,11.0,2000.0,1,36.0,2013.0,"Mar,Jun,Sept,Dec",8,6327.238095238095,988.654232012482,6008.0,7642.2,-351.2380952380954,5314.0,6880.0,7343.0,5595.0,175.0,1
121,2013-09-05,3835,505,1,0,0,0,2013,9,36,5,4,0,0,0,3570.0,11.0,2009.0,1,36.0,2013.0,"Mar,Jun,Sept,Dec",2,4034.6666666666665,1099.8289458570034,4140.0,3984.3333333333335,-199.6666666666665,4511.0,3657.0,2044.0,3917.964285714286,46.0,1
786,2013-04-29,6460,887,1,1,0,0,2013,4,18,29,1,0,0,0,290.0,11.0,2006.0,1,5.0,2013.0,"Feb,May,Aug,Nov",2,3441.1739130434785,1433.0667259784937,3361.0,4139.5,3018.826086956521,1144.0,3438.0,5373.0,3594.285714285714,77.0,0
818,2013-06-12,4180,532,1,0,0,0,2013,6,24,12,3,0,3,0,490.0,0.0,0.0,1,35.0,2010.0,"Mar,Jun,Sept,Dec",12,5959.136363636364,1550.025231605834,5598.0,5431.166666666667,-1779.136363636364,6643.0,4378.0,4484.0,5894.214285714285,0.0,1
628,2014-04-02,7001,889,1,1,0,0,2014,4,14,2,3,0,0,2,2180.0,0.0,0.0,0,0.0,0.0,none,4,5984.5,2177.949035216389,5309.0,7025.166666666667,1016.5,4873.0,8376.0,8831.0,7535.0,0.0,0
146,2014-08-02,7378,689,1,0,0,0,2014,8,31,2,6,1,3,2,8050.0,10.0,1961.0,1,48.0,2012.0,"Jan,Apr,Jul,Oct",2,7529.291666666667,1413.7605872948948,7261.5,8508.666666666666,-151.29166666666697,7463.0,8553.0,7919.0,7299.0,634.0,0
869,2014-04-11,4837,774,1,0,0,0,2014,4,15,11,5,0,2,0,230.0,10.0,2001.0,1,14.0,2011.0,"Jan,Apr,Jul,Oct",2,5654.875,2049.4255252864527,5134.0,4745.5,-817.875,6808.0,4735.0,4614.0,6625.0,150.0,1
969,2013-09-07,2332,404,1,0,0,0,2013,9,36,7,6,1,0,2,600.0,11.0,1999.0,1,10.0,2013.0,"Jan,Apr,Jul,Oct",3,2960.4166666666665,635.4854985289434,2940.0,2780.333333333333,-628.4166666666665,3602.0,2296.0,2401.0,2907.1071428571427,166.0,0
660,2014-06-18,5313,562,1,1,0,1,2014,6,25,18,3,0,0,0,1200.0,11.0,2006.0,1,40.0,2014.0,"Jan,Apr,Jul,Oct",8,4629.090909090909,1343.4512382059982,4875.5,4572.333333333333,683.909090909091,4487.0,2510.0,3364.0,5439.0,91.0,0
250,2014-02-20,8147,659,1,1,0,0,2014,2,8,20,4,0,3,0,3520.0,0.0,0.0,1,18.0,2012.0,"Feb,May,Aug,Nov",12,8652.291666666666,2210.078721383052,8480.0,8550.833333333334,-505.29166666666606,6804.0,11490.0,7756.0,8685.0,0.0,1
684,2013-01-07,9437,678,1,1,0,0,2013,1,2,7,1,0,3,2,680.0,0.0,0.0,1,22.0,2012.0,"Jan,Apr,Jul,Oct",2,6243.0,593.188559116464,6054.5,6243.0,3194.0,6243.0,6243.0,6243.0,6243.0,0.0,1
711,2013-11-19,8326,568,1,1,0,0,2013,11,47,19,2,0,3,0,17110.0,3.0,2007.0,1,5.0,2010.0,"Jan,Apr,Jul,Oct",9,6746.565217391304,1596.195471798402,6565.0,6253.0,1579.434782608696,5381.0,6866.0,5041.0,6571.0,80.0,0
596,2014-11-25,5408,747,1,1,0,0,2014,11,48,25,2,0,2,0,290.0,9.0,2006.0,0,0.0,0.0,none,10,4636.541666666667,581.0472538717345,4534.5,4378.0,771.458333333333,4525.0,4577.0,4674.0,4131.0,98.0,0
257,2013-04-12,6015,723,1,1,0,0,2013,4,15,12,5,0,0,0,420.0,12.0,2012.0,0,0.0,0.0,none,12,6176.727272727273,1802.947327276941,6100.5,5922.666666666667,-161.72727272727298,6090.0,8520.0,6091.0,5991.285714285715,4.0,0
197,2013-09-14,5176,676,1,0,0,0,2013,9,37,14,6,1,2,0,4210.0,3.0,2015.0,0,0.0,0.0,none,6,6385.333333333333,1789.9916848645016,5675.5,7638.666666666667,-1209.333333333333,5212.0,7549.0,8573.0,6624.071428571428,0.0,0
108,2013-01-30,8202,661,1,0,0,0,2013,1,5,30,3,0,3,2,2190.0,9.0,2003.0,0,0.0,0.0,none,3,8615.583333333334,1241.243132707188,9084.5,8152.333333333333,-413.58333333333394,9105.0,8003.0,8615.583333333334,8615.583333333334,112.0,0
354,2013-08-16,8022,702,1,1,0,1,2013,8,33,16,5,0,3,2,1500.0,10.0,2005.0,0,0.0,0.0,none,2,7945.541666666667,1949.5498249410136,7607.5,8666.833333333334,76.45833333333303,6889.0,9631.0,12237.0,8281.392857142857,94.0,0
454,2013-08-21,4709,751,1,0,0,1,2013,8,34,21,3,0,0,0,26450.0,0.0,0.0,0,0.0,0.0,none,0,5624.791666666667,2142.0544177548777,5321.0,5226.5,-915.791666666667,7346.0,5370.0,6396.0,5457.464285714285,0.0,0
642,2013-03-09,3431,445,1,0,0,0,2013,3,10,9,6,1,2,2,530.0,4.0,2005.0,1,35.0,2010.0,"Mar,Jun,Sept,Dec",8,3560.125,700.7735050890427,3504.5,4205.833333333333,-129.125,2799.0,3912.0,3803.0,3577.3571428571427,95.0,1
130,2013-09-17,3909,507,1,0,0,0,2013,9,38,17,2,0,2,0,900.0,0.0,0.0,1,13.0,2010.0,"Jan,Apr,Jul,Oct",2,4624.666666666667,938.2511792490956,4336.5,4992.5,-715.666666666667,7135.0,4399.0,4804.0,4616.821428571428,0.0,0
896,2013-01-22,6354,967,1,1,0,0,2013,1,4,22,2,0,0,2,170.0,9.0,2012.0,0,0.0,0.0,none,1,6173.764705882353,1033.8075576123783,6335.0,5620.833333333333,180.23529411764684,5156.0,6517.0,6173.764705882353,6173.764705882353,4.0,0
730,2013-04-10,9532,1172,1,1,0,0,2013,4,15,10,3,0,2,0,1190.0,9.0,2013.0,0,0.0,0.0,none,14,10481.272727272728,1949.291670662965,10268.0,9621.0,-949.272727272728,9873.0,10745.0,8821.0,10122.714285714286,0.0,0
865,2013-12-20,10056,808,1,1,0,0,2013,12,51,20,5,0,3,2,2640.0,0.0,0.0,0,0.0,0.0,none,2,8047.166666666667,1855.4950509386897,7860.5,9694.5,2008.833333333333,6812.0,8163.0,8620.0,7980.285714285715,0.0,0
710,2013-01-08,4466,365,1,1,0,0,2013,1,2,8,2,0,3,0,1500.0,9.0,2008.0,1,14.0,2011.0,"Jan,Apr,Jul,Oct",9,4283.6,1238.7194194005356,3755.0,4283.6,182.39999999999964,4283.6,4283.6,4283.6,4283.6,52.0,1
235,2014-09-03,6354,504,1,1,0,1,2014,9,36,3,3,0,0,0,5710.0,3.0,2012.0,1,37.0,2009.0,"Jan,Apr,Jul,Oct",14,5506.75,1898.8419869237007,4885.5,5711.166666666667,847.25,3647.0,10305.0,6996.0,5407.0,30.0,0
283,2015-05-20,6233,584,1,1,0,0,2015,5,21,20,3,0,0,0,2260.0,0.0,0.0,1,40.0,2014.0,"Jan,Apr,Jul,Oct",8,7912.181818181818,1404.2878431149177,7682.0,8239.0,-1679.181818181818,6404.0,10289.0,7422.0,7300.0,0.0,0
232,2014-02-26,1939,235,1,0,0,0,2014,2,9,26,3,0,2,2,13570.0,5.0,2010.0,1,10.0,2013.0,"Mar,Jun,Sept,Dec",13,3032.583333333333,753.2364324622156,2903.0,2738.1666666666665,-1093.5833333333337,3355.0,2302.0,3802.0,1911.0,45.0,0
813,2013-12-09,6638,791,1,0,0,0,2013,12,50,9,1,0,0,0,1560.0,9.0,2003.0,0,0.0,0.0,none,7,6368.916666666667,1204.5493083439485,5997.0,7482.166666666667,269.08333333333303,6106.0,5541.0,6212.0,6272.071428571428,123.0,0
923,2015-02-19,5587,660,1,1,0,0,2015,2,8,19,4,0,0,0,280.0,9.0,2008.0,0,0.0,0.0,none,2,5212.541666666667,635.821616983245,5036.5,5420.833333333333,374.458333333333,4708.0,5801.0,4660.0,5088.0,77.0,0
669,2013-09-07,3649,338,1,0,0,0,2013,9,36,7,6,1,3,0,17080.0,7.0,2012.0,1,31.0,2013.0,"Jan,Apr,Jul,Oct",3,4510.565217391304,1106.4580600886677,4020.0,3663.6666666666665,-861.565217391304,5510.0,3327.0,4283.0,4499.428571428572,14.0,0
710,2013-05-28,3915,353,1,1,0,1,2013,5,22,28,2,0,3,0,1500.0,9.0,2008.0,1,14.0,2011.0,"Jan,Apr,Jul,Oct",9,4403.857142857143,844.2053829320378,4292.0,3898.3333333333335,-488.8571428571431,4292.0,5217.0,5165.0,4416.178571428572,56.0,0
900,2014-05-15,5102,526,1,0,0,0,2014,5,20,15,4,0,0,0,3920.0,4.0,2005.0,1,40.0,2014.0,"Jan,Apr,Jul,Oct",8,5998.571428571428,1164.815718104309,5602.0,5753.666666666667,-896.5714285714284,5300.0,7672.0,5338.0,5947.0,109.0,0
595,2013-03-20,15931,1858,1,1,0,0,2013,3,12,20,3,0,2,2,1130.0,6.0,2015.0,0,0.0,0.0,none,10,14659.166666666666,2556.8205913266347,14807.5,14917.833333333334,1271.833333333334,11562.0,19873.0,12462.0,14798.57142857143,0.0,0
748,2014-01-24,6079,525,1,1,0,0,2014,1,4,24,5,0,3,0,2380.0,3.0,2010.0,1,14.0,2011.0,"Jan,Apr,Jul,Oct",8,5788.478260869565,1726.1596594638847,5668.0,6208.5,290.521739130435,4514.0,6299.0,8331.0,5738.0,46.0,1
256,2015-04-07,9001,1249,1,0,0,1,2015,4,15,7,2,0,0,2,80.0,9.0,2005.0,1,10.0,2014.0,"Mar,Jun,Sept,Dec",12,9145.318181818182,2576.46857588266,8568.5,12291.0,-144.31818181818198,7873.0,9471.0,12107.0,6947.0,115.0,0
950,2014-08-20,5769,515,1,1,0,1,2014,8,34,20,3,0,0,0,8460.0,11.0,1994.0,0,0.0,0.0,none,1,5562.333333333333,1550.0482367435814,5145.0,5021.0,206.66666666666697,4438.0,7825.0,5910.0,4346.0,237.0,0
733,2015-05-11,14528,3596,1,0,0,0,2015,5,20,11,1,0,1,1,860.0,10.0,1999.0,0,0.0,0.0,none,12,15290.214285714286,2194.790217886233,15399.0,15047.857142857143,-762.2142857142862,17558.0,17010.0,16458.0,16740.0,187.0,0
490,2013-02-07,7543,1008,1,1,0,0,2013,2,6,7,4,0,0,0,660.0,4.0,2013.0,1,40.0,2014.0,"Jan,Apr,Jul,Oct",1,8154.291666666667,1247.9888335330522,7880.5,8879.166666666666,-611.291666666667,6598.0,9388.0,7862.0,8294.57142857143,0.0,0
562,2014-06-01,20006,3246,1,0,0,0,2014,6,22,1,7,1,1,2,1210.0,0.0,0.0,0,0.0,0.0,none,2,18200.214285714286,2882.172898881609,18349.0,18294.714285714286,1805.7857142857133,18574.0,18810.0,19960.0,14855.0,0.0,0
20,2014-04-10,8490,1031,1,0,0,0,2014,4,15,10,4,0,3,0,2340.0,5.0,2009.0,1,40.0,2014.0,"Jan,Apr,Jul,Oct",8,7733.761904761905,1553.6925019051198,7720.0,8480.75,756.2380952380954,6027.0,7226.0,8159.0,7515.0,59.0,1
925,2014-05-05,7104,1252,1,1,0,0,2014,5,19,5,1,0,2,0,470.0,3.0,2007.0,1,1.0,2012.0,"Jan,Apr,Jul,Oct",2,7410.428571428572,1739.87055758262,7060.0,8269.6,-306.4285714285716,6620.0,9370.0,9696.0,7601.142857142857,86.0,0
470,2013-10-26,12107,1864,1,0,0,0,2013,10,43,26,6,1,0,2,50.0,0.0,0.0,0,0.0,0.0,none,4,12789.0,2049.625730801513,12716.0,13301.166666666666,-682.0,10289.0,13317.0,15463.0,12984.214285714286,0.0,0
779,2013-08-17,2215,245,1,0,0,0,2013,8,33,17,6,1,0,0,16990.0,4.0,2004.0,0,0.0,0.0,none,2,6464.708333333333,2576.55298006037,6015.0,7733.166666666667,-4249.708333333333,6823.0,8315.0,9011.0,6676.5,112.0,0
1009,2013-07-20,3091,316,1,0,0,0,2013,7,29,20,6,1,0,0,230.0,7.0,2004.0,1,10.0,2014.0,"Jan,Apr,Jul,Oct",3,4426.083333333333,811.3823371884857,4503.0,4920.0,-1335.083333333333,4062.0,4881.0,4805.0,4434.892857142857,108.0,1
579,2013-09-24,8451,921,1,1,0,0,2013,9,39,24,2,0,2,0,20970.0,11.0,2012.0,0,0.0,0.0,none,5,7998.083333333333,1978.2541472253995,8017.0,6940.833333333333,452.91666666666697,6436.0,8977.0,5318.0,7903.892857142857,10.0,0
797,2014-02-18,4278,404,1,1,0,0,2014,2,8,18,2,0,0,0,2090.0,10.0,2012.0,1,40.0,2014.0,"Jan,Apr,Jul,Oct",5,3527.5,815.3183427349098,3405.5,3359.1666666666665,750.5,3162.0,4237.0,2731.0,4562.0,16.0,0
416,2013-06-12,8397,1150,1,0,0,0,2013,6,24,12,3,0,0,2,4650.0,6.0,2014.0,0,0.0,0.0,none,10,10637.739130434782,2003.4358491304456,10307.0,10295.0,-2240.739130434782,12383.0,15452.0,9819.0,10791.607142857143,0.0,0
227,2014-11-04,7718,614,1,1,0,0,2014,11,45,4,2,0,0,0,2370.0,0.0,0.0,0,0.0,0.0,none,13,5788.826086956522,1392.5154692195738,5455.0,6622.4,1929.173913043478,3953.0,5281.0,8047.0,7866.0,0.0,0
837,2013-02-08,2639,432,1,1,0,0,2013,2,6,8,5,0,0,2,14600.0,4.0,2015.0,0,0.0,0.0,none,8,2209.4166666666665,539.3232407109992,2274.0,2333.6666666666665,429.5833333333335,2861.0,2116.0,2438.0,2222.0714285714284,0.0,0
230,2015-05-16,7621,947,1,0,0,0,2015,5,20,16,6,1,3,2,6680.0,9.0,2013.0,0,0.0,0.0,none,13,8223.09090909091,1834.1047357820603,8184.5,7777.0,-602.0909090909099,8535.0,8405.0,7052.0,6196.0,20.0,0
705,2013-09-26,7566,945,1,1,0,0,2013,9,39,26,4,0,0,0,4140.0,9.0,2012.0,1,18.0,2011.0,"Feb,May,Aug,Nov",5,7109.458333333333,2134.759002367341,6532.0,7124.166666666667,456.54166666666697,5459.0,9476.0,3626.0,7165.75,12.0,0
519,2013-04-30,6455,691,1,1,0,0,2013,4,18,30,2,0,2,2,2510.0,8.0,2009.0,1,1.0,2012.0,"Jan,Apr,Jul,Oct",8,4938.916666666667,984.3985988659653,5037.0,5476.833333333333,1516.083333333333,6381.0,4825.0,7436.0,5476.357142857143,44.0,1
342,2013-04-08,12731,965,1,1,0,0,2013,4,15,8,1,0,3,2,15770.0,0.0,0.0,1,40.0,2014.0,"Jan,Apr,Jul,Oct",3,11313.09090909091,1867.14791183648,10875.5,10071.4,1417.90909090909,14460.0,10514.0,14180.0,11356.107142857143,0.0,1
82,2015-07-02,10772,927,1,1,0,1,2015,7,27,2,4,0,0,0,22390.0,4.0,2008.0,1,37.0,2009.0,"Jan,Apr,Jul,Oct",14,9427.391304347826,2964.101668896887,8524.0,10326.0,1344.608695652174,7254.0,11343.0,9035.0,11625.0,87.0,1
86,2015-02-17,7214,755,1,1,0,0,2015,2,8,17,2,0,0,0,480.0,2.0,2005.0,1,31.0,2013.0,"Jan,Apr,Jul,Oct",12,4415.478260869565,1148.9441741942987,4507.0,3678.4,2798.521739130435,3937.0,5977.0,4782.0,6954.0,120.0,0
1012,2015-02-10,4330,432,1,0,0,0,2015,2,7,10,2,0,3,2,6330.0,6.0,2004.0,1,39.0,2010.0,"Jan,Apr,Jul,Oct",2,5748.666666666667,935.830701275223,5426.5,5741.833333333333,-1418.666666666667,6523.0,6733.0,6737.0,4520.0,128.0,0
299,2014-11-03,8283,775,1,1,0,0,2014,11,45,3,1,0,3,2,38630.0,9.0,2012.0,0,0.0,0.0,none,8,6059.0,1391.0821742027376,6182.0,6259.833333333333,2224.0,3126.0,2939.0,3692.0,5974.464285714285,26.0,0
184,2013-10-21,8589,718,1,1,0,1,2013,10,43,21,1,0,3,2,3560.0,0.0,0.0,0,0.0,0.0,none,9,6279.521739130435,1535.0119297601336,6192.0,4948.333333333333,2309.478260869565,3523.0,7305.0,5097.0,6028.035714285715,0.0,0
449,2013-03-23,9197,1194,1,0,0,0,2013,3,12,23,6,1,0,2,120.0,12.0,2014.0,1,37.0,2009.0,"Jan,Apr,Jul,Oct",12,11805.0,2596.8808882630874,11303.0,13935.0,-2608.0,11225.0,13223.0,12170.0,11819.964285714286,0.0,0
168,2013-10-01,6528,726,1,0,0,0,2013,10,40,1,2,0,0,0,12540.0,0.0,0.0,0,0.0,0.0,none,5,6792.75,2036.0714784155764,6069.0,7222.166666666667,-264.75,9848.0,3753.0,7582.0,6789.535714285715,0.0,0
172,2014-03-28,5387,737,1,0,0,0,2014,3,13,28,5,0,0,0,110.0,0.0,0.0,1,40.0,2014.0,"Jan,Apr,Jul,Oct",9,6312.0,841.9514599248374,6183.5,5991.0,-925.0,6201.0,5530.0,6615.0,9295.0,0.0,0
371,2014-04-15,9105,635,1,1,0,1,2014,4,16,15,2,0,3,2,1970.0,7.0,2009.0,1,45.0,2014.0,"Feb,May,Aug,Nov",2,6539.333333333333,1899.898410708976,6203.5,6576.666666666667,2565.666666666667,5286.0,5425.0,4190.0,4289.0,57.0,0
983,2014-01-06,19741,2185,1,1,0,1,2014,1,2,6,1,0,0,0,40.0,3.0,2014.0,1,1.0,2014.0,"Jan,Apr,Jul,Oct",9,15384.619047619048,5340.715068941521,13220.0,11754.8,4356.380952380952,14456.0,21923.0,14180.0,15302.107142857143,0.0,1
